,,,,,,,,,,,,,,,,,,
UID,,name,view,type,color,lvl_min,lvl_max,bonus,,,,,,,,,,holidays
,,,,,,,,str,dex,int,luck,DMG,DEF,HP,MP,cost,img,
,,Swords,,,,,,,,,,,,,,,,
1,1,Dagger,dagger,1,0,1,10,0,0,0,0,1,0,0,0,1,sword/dagger01,0
2,2,Forsaken Sword,sword,1,0,1,10,0,0,0,1,3,0,0,0,4,sword/sword11,0
3,3,Mythril Sword,sword,1,0,2,10,0,0,0,1,4,0,0,0,5,sword/sword12,0
4,4,Shortsword,sword,1,0,3,10,0,1,0,0,5,0,0,0,6,sword/sword13,0
5,5,Gladius,sword,1,0,3,10,1,0,0,0,6,0,0,0,7,sword/sword14,0
6,6,Broad Sword,sword,1,0,4,10,1,0,0,1,7,0,0,0,9,sword/sword15,0
7,7,Broadsword,sword,1,0,5,10,1,0,0,0,9,0,0,0,10,sword/sword16,0
8,8,Iron Sword,sword,1,0,5,10,1,1,1,0,10,0,0,0,13,sword/sword17,0
9,9,Scimitar,sword,1,0,6,10,1,0,0,2,12,0,0,0,15,sword/sword18,0
10,10,Falchion,sword,1,0,6,10,2,0,0,0,13,0,0,0,15,sword/sword19,0
11,11,Mythril Dagger,dagger,1,0,6,10,1,0,0,2,14,0,0,0,17,sword/dagger02,0
12,12,Longsword,sword,1,0,10,20,2,0,0,2,14,0,0,0,18,sword/sword21,0
13,13,Two-Handed Sword,sword,1,0,10,20,2,1,0,0,17,0,0,0,20,sword/sword22,0
14,14,Coral Sword,sword,1,0,15,20,4,0,0,2,20,0,5,0,31,sword/sword23,0
15,15,Bastard Sword,sword,1,0,15,20,4,0,0,3,23,0,,0,30,sword/sword24,0
16,16,Claymore,sword,1,0,15,20,4,0,0,3,24,0,0,0,31,sword/sword25,0
17,17,Sabre,sword,1,0,20,30,8,0,0,3,31,0,0,0,42,sword/sword26,0
18,18,Copper Claymore,sword,1,0,20,30,9,1,0,0,33,0,0,0,43,sword/sword27,0
19,19,Diamond Sword,sword,1,0,20,30,6,0,1,0,35,0,0,0,42,sword/sword28,0
20,20,Battlefront Sword,sword,1,0,25,30,8,1,0,1,41,0,0,0,51,sword/sword29,0
21,21,Short Sword,sword,1,0,25,30,9,0,0,0,42,0,0,0,51,sword/sword30,0
22,22,Long Sword,sword,1,0,25,30,10,0,0,1,43,0,0,0,54,sword/sword31,0
23,23,Rune Blade,sword,1,0,25,40,10,0,0,0,44,0,0,0,54,sword/sword32,0
24,24,Forsaken Greatsword,sword,1,0,30,40,15,0,0,0,49,0,0,0,64,sword/sword33,0
25,25,Crystal Sword,sword,1,0,30,40,15,0,0,1,51,0,0,0,67,sword/sword34,0
26,26,War Sword,sword,1,0,30,40,15,0,1,0,51,0,0,0,67,sword/sword35,0
27,27,Flamberge,sword,1,0,40,40,22,0,0,4,55,0,0,0,81,sword/sword36,0
28,28,Fine Scimitar,sword,1,0,40,40,24,1,0,1,57,0,0,0,83,sword/sword37,0
29,29,Giant Sword,sword,1,0,46,60,26,2,0,5,62,0,0,0,95,sword/sword38,0
30,30,Great Sword,sword,1,0,50,60,28,2,0,5,69,0,0,0,104,sword/sword39,0
31,31,Butcher,sword,1,2,1,5,6,1,0,1,11,0,0,0,19,sword/sword40,0
32,32,Miracle Dagger,dagger,1,2,5,10,9,1,2,0,20,0,0,0,32,sword/dagger03,0
33,33,Lorekeeper,sword,1,2,10,15,12,0,0,2,30,0,0,0,44,sword/sword42,0
34,34,Blackguard,sword,1,2,15,20,15,2,0,0,32,0,0,0,49,sword/sword43,0
35,35,Thunderfury,sword,1,2,25,30,18,0,0,5,38,0,0,0,61,sword/sword44,0
36,36,Blind Sword,sword,1,2,30,35,23,0,2,0,48,0,0,0,73,sword/sword45,0
37,37,Banshee’s Knife,dagger,1,2,35,40,25,2,0,0,55,0,0,0,82,sword/dagger04,0
38,38,Unbreakable Guardian,sword,1,2,40,45,30,0,0,2,61,0,0,0,93,sword/sword47,0
39,39,Kingslayer,sword,1,2,45,50,33,4,0,0,67,0,0,0,104,sword/sword48,0
40,40,Soulblade,dagger,1,2,50,55,36,0,0,1,74,0,0,0,111,sword/dagger06,0
41,41,Dragonslayer,sword,1,2,55,60,39,1,0,4,85,0,0,0,129,sword/sword55,0
42,42,Bloodlord's Protector,sword,1,3,15,25,18,3,2,4,40,0,0,0,67,sword/sword56,0
43,43,Reforged Heartless,sword,1,3,25,40,25,3,0,4,50,0,0,0,82,sword/sword57,0
44,44,Frost Needle,dagger,1,3,35,50,33,1,5,2,70,0,0,0,111,sword/dagger05,0
45,45,Void Sabre,sword,1,3,45,60,39,4,1,5,80,0,0,0,129,sword/sword59,0
46,46,Stormcaller,sword,1,3,50,60,49,7,2,5,90,0,0,0,153,sword/sword60,0
,,,,,,,,,,,,,,,,,,
,,Range,,,,,,,,,,,,,,,,
47,1,Short Bow,bow,1,0,1,10,0,0,0,0,1,0,0,0,1,bow/bow10,0
48,2,Hunter's Bow,bow,1,0,1,10,0,0,0,1,3,0,0,0,4,bow/bow11,0
49,3,Long Bow,bow,1,0,2,10,0,0,0,1,4,0,0,0,5,bow/bow12,0
50,4,Composite Bow,bow,1,0,3,10,1,0,0,0,5,0,0,0,6,bow/bow13,0
51,5,Short Battle Bow,bow,1,0,3,10,0,1,0,0,6,0,0,0,7,bow/bow14,0
52,6,Long Battle Bow,bow,1,0,4,10,0,1,0,1,7,0,0,0,9,bow/bow15,0
53,7,Short War Bow,bow,1,0,5,10,0,1,0,0,9,0,0,0,10,bow/bow16,0
54,8,Long War Bow,bow,1,0,5,10,1,1,1,0,10,0,0,0,13,bow/bow17,0
55,9,Crossbow,crossbow,1,0,6,10,0,1,0,2,12,0,0,0,15,bow/crossbow10,0
56,10,War Crossbow,crossbow,1,0,6,10,0,2,0,0,13,0,0,0,15,bow/crossbow11,0
57,11,Edge Bow,bow,1,0,6,10,0,1,0,2,14,0,0,0,17,bow/bow18,0
58,12,Razor Bow,bow,1,0,10,20,0,2,0,2,14,0,0,0,18,bow/bow19,0
59,13,Cedar Bow,bow,1,0,10,20,1,2,0,0,17,0,0,0,20,bow/bow20,0
60,14,Double Bow,bow,1,0,15,20,0,4,0,2,20,0,5,0,31,bow/bow28,0
61,15,Short Siege Bow,bow,1,0,15,20,0,4,0,3,23,0,0,0,30,bow/bow30,0
62,16,Large Siege Bow,bow,1,0,15,20,0,4,0,3,24,0,0,0,31,bow/bow31,0
63,17,Rune Bow,bow,1,0,20,30,0,8,0,3,31,0,0,0,42,bow/bow32,0
64,18,Gothic Bow,bow,1,0,20,30,1,9,0,0,33,0,0,0,43,bow/bow33,0
65,19,Spider Bow,bow,1,0,20,30,0,6,1,0,35,0,0,0,42,bow/bow34,0
66,20,Blade Bow,bow,1,0,25,30,1,8,0,1,41,0,0,0,51,bow/bow35,0
67,21,Officer Crossbow,crossbow,1,0,25,30,0,9,0,0,42,0,0,0,51,bow/crossbow12,0
68,22,Shadow Bow,bow,1,0,25,30,0,10,0,1,43,0,0,0,54,bow/bow36,0
69,23,Great Bow,bow,1,0,25,40,0,10,0,0,44,0,0,0,54,bow/bow37,0
70,24,Diamond Bow,bow,1,0,30,40,0,15,0,0,49,0,0,0,64,bow/bow38,0
71,25,Crusader Bow,bow,1,0,30,40,0,15,0,1,51,0,0,0,67,bow/bow39,0
72,26,Ward Bow,bow,1,0,30,40,0,15,1,0,51,0,0,0,67,bow/bow40,0
73,27,Sniper’s Eye,crossbow,1,0,40,40,0,22,0,4,55,0,0,0,81,bow/crossbow13,0
74,28,Hydra Bow,bow,1,0,40,40,1,24,0,1,57,0,0,0,83,bow/bow41,0
75,29,Mythril Bow,bow,1,0,46,60,2,26,0,5,62,0,0,0,95,bow/bow42,0
76,30,Duel Bow,bow,1,0,50,60,2,28,0,5,69,0,0,0,104,bow/bow43,0
77,31,Razorwind,bow,1,2,1,5,1,6,0,1,11,0,0,0,19,bow/bow44,0
78,32,Truestrike Bow,bow,1,2,5,10,1,9,2,0,20,0,0,0,32,bow/bow45,0
79,33,Fury,bow,1,2,10,15,0,12,0,2,30,0,0,0,44,bow/bow46,0
80,34,Black Rune,crossbow,1,2,15,20,2,15,0,0,32,0,0,0,49,bow/crossbow17,0
81,35,Cerberus Bow,bow,1,2,25,30,0,20,0,5,40,0,0,0,65,bow/bow47,0
82,36,Perseus,bow,1,2,30,35,0,23,2,0,48,0,0,0,73,bow/bow48,0
83,37,Stardust Bow,bow,1,2,35,40,2,25,0,0,55,0,0,0,82,bow/bow49,0
84,38,Lucky Strike,crossbow,1,2,40,45,0,30,0,2,61,0,0,0,93,bow/crossbow20,0
85,39,Evilsong,bow,1,2,45,50,4,33,0,0,67,0,0,0,104,bow/bow50,0
86,40,Forest’s Tears,bow,1,2,50,55,0,36,0,1,74,0,0,0,111,bow/bow51,0
87,41,Rainbow,bow,1,2,55,60,1,39,0,4,80,0,0,0,124,bow/bow52,0
88,42,A Bow with No Name,bow,1,3,15,25,3,18,2,4,40,0,0,0,67,bow/bow54,0
89,43,Life’s blender,bow,1,3,25,40,3,25,0,4,50,0,0,0,82,bow/bow55,0
90,44,Legacy Destroyer,crossbow,1,3,35,50,1,33,5,2,70,0,0,0,111,bow/crossbow29,0
91,45,Rhytmbreaker,bow,1,3,45,60,4,39,1,5,80,0,0,0,129,bow/bow56,0
92,46,Vertical’s Edge,bow,1,3,50,60,7,49,2,5,90,0,0,0,153,bow/bow57,0
,,,,,,,,,,,,,,,,,,
,,Axes,,,,,,,,,,,,,,,,
93,1,Hand Axe,axe,1,0,1,10,0,0,0,0,1,0,0,0,1,axe/axe10,0
94,2,Axe,axe,1,0,1,10,0,0,0,1,3,0,0,0,4,axe/axe11,0
95,3,Double Axe,axe,1,0,2,10,0,0,0,1,4,0,0,0,5,axe/axe12,0
96,4,Military Pick,axe,1,0,3,10,0,1,0,0,5,0,0,0,6,axe/axe13,0
97,5,War Axe,axe,1,0,3,10,1,0,0,0,6,0,0,0,7,axe/axe14,0
98,6,Large Axe,axe,1,0,4,10,1,0,0,1,7,0,0,0,9,axe/axe15,0
99,7,Broad Axe,axe,1,0,5,10,1,0,0,0,9,0,0,0,10,axe/axe16,0
100,8,Battle Axe,axe,1,0,5,10,1,1,1,0,10,0,0,0,13,axe/axe17,0
101,9,Great Axe,axe,1,0,6,10,1,0,0,2,12,0,0,0,15,axe/axe18,0
102,10,Giant Axe,axe,1,0,6,10,2,0,0,0,13,0,0,0,15,axe/axe19,0
103,11,Hatchet,axe,1,0,6,10,1,0,0,2,14,0,0,0,17,axe/axe20,0
104,12,Cleaver,axe,1,0,10,20,2,0,0,2,14,0,0,0,18,axe/axe21,0
105,13,Twin Axe,axe,1,0,10,20,2,1,0,0,17,0,0,0,20,axe/axe22,0
106,14,Sharp Axe,axe,1,0,15,20,4,0,0,2,20,0,5,0,31,axe/axe23,0
107,15,Skull Hatchet,axe,1,0,15,20,4,0,0,3,23,0,,0,30,axe/axe24,0
108,16,Military Axe,axe,1,0,15,20,4,0,0,3,24,0,0,0,31,axe/axe25,0
109,17,Bearded Axe,axe,1,0,20,30,8,0,0,3,31,0,0,0,42,axe/axe26,0
110,18,Crystal Axe,axe,1,0,20,30,9,1,0,0,33,0,0,0,43,axe/axe29,0
111,19,Gothic Axe,axe,1,0,20,30,6,0,1,0,35,0,0,0,42,axe/axe30,0
112,20,Ancient Axe,axe,1,0,25,30,8,1,0,1,41,0,0,0,51,axe/axe31,0
113,21,Tomahawk,axe,1,0,25,30,9,0,0,0,42,0,0,0,51,axe/axe33,0
114,22,Small Crescent,axe,1,0,25,30,10,0,0,1,43,0,0,0,54,axe/axe34,0
115,23,Wing Axe,axe,1,0,25,40,10,0,0,0,44,0,0,0,54,axe/axe35,0
116,24,War Spike,axe,1,0,30,40,15,0,0,0,49,0,0,0,64,axe/axe36,0
117,25,Berserker Axe,axe,1,0,30,40,15,0,0,1,51,0,0,0,67,axe/axe40,0
118,26,Feral Axe,axe,1,0,30,40,15,0,1,0,51,0,0,0,67,axe/axe44,0
119,27,Silver-Edged Axe,axe,1,0,40,40,22,0,0,4,55,0,0,0,81,axe/axe45,0
120,28,Ruby Axe,axe,1,0,40,40,24,1,0,1,57,0,0,0,83,axe/axe46,0
121,29,Champion Axe,axe,1,0,46,60,26,2,0,5,62,0,0,0,95,axe/axe49,0
122,30,Glorious Axe,axe,1,0,50,60,28,2,0,5,69,0,0,0,104,axe/axe50,0
123,31,Axe of the Sun,axe,1,2,10,15,12,0,0,2,30,0,0,0,44,axe/axe51,0
124,32,Dreaming Cleaver,axe,1,2,15,20,15,2,0,0,32,0,0,0,49,axe/axe52,0
125,33,Titan's Axe,axe,1,2,30,35,23,0,2,0,48,0,0,0,73,axe/axe53,0
126,34,Ogrekiller,axe,1,2,35,40,25,2,0,0,55,0,0,0,82,axe/axe54,0
127,35,Earthbreaker,axe,1,2,40,45,30,0,0,2,61,0,0,0,93,axe/axe55,0
128,36,Hercules,axe,1,2,50,55,36,0,0,1,74,0,0,0,111,axe/axe56,0
129,37,Rampager,axe,1,3,35,50,33,1,5,2,70,0,0,0,111,axe/axe57,0
130,38,Anniversary Axe,axe,1,3,50,60,49,7,2,5,90,0,0,0,153,axe/axe59,0
,,,,,,,,,,,,,,,,,,
,,Staff,,,,,,,,,,,,,,,,
131,1,Staff,staff,1,0,1,10,0,0,0,0,1,0,0,0,1,staff/staff10,0
132,2,Wooden Staff,staff,1,0,1,10,0,0,0,1,3,0,0,0,4,staff/staff11,0
133,3,White Staff,staff,1,0,2,10,0,0,0,1,4,0,0,0,5,staff/staff12,0
134,4,Binding Rod,staff,1,0,3,10,0,0,0,0,5,0,0,0,5,staff/staff13,0
135,5,Hunter's Rod,staff,1,0,3,10,0,0,1,0,6,0,0,0,7,staff/staff14,0
136,6,Timeworn Staff,staff,1,0,4,10,0,0,1,1,7,0,0,0,9,staff/staff15,0
137,7,Executor Staff,staff,1,0,5,10,0,0,1,0,9,0,0,0,10,staff/staff16,0
138,8,Arcane Staff,staff,1,0,5,10,1,0,1,0,10,0,0,0,12,staff/staff17,0
139,9,Quarter Staff,staff,1,0,6,10,0,0,1,2,12,0,0,0,15,staff/staff18,0
140,10,Mystic Staff,staff,1,0,6,10,0,0,2,0,13,0,0,0,15,staff/staff19,0
141,11,Power Staff,staff,1,0,6,10,0,0,1,2,14,0,0,0,17,staff/staff20,0
142,12,Healing Staff,staff,1,0,10,20,0,0,2,2,14,0,0,0,18,staff/staff21,0
143,13,Mage's Staff,staff,1,0,10,20,0,0,2,0,17,0,0,0,19,staff/staff22,0
144,14,Wizard's Staff,staff,1,0,15,20,0,0,4,2,20,0,0,5,31,staff/staff23,0
145,15,Rune Staff,staff,1,0,15,20,0,0,4,3,23,0,,0,30,staff/staff24,0
146,16,Magic Wand,staff,1,0,15,20,0,0,4,3,24,0,0,0,31,staff/staff25,0
147,17,Angel's Staff,staff,1,0,20,30,0,0,8,3,31,0,0,0,42,staff/staff26,0
148,18,Staff of Skills,staff,1,0,20,30,0,0,9,0,33,0,0,0,42,staff/staff27,0
149,19,Judgment Staff,staff,1,0,20,30,1,0,6,0,35,0,0,0,42,staff/staff28,0
150,20,Sage's Staff,staff,1,0,25,30,0,0,8,1,41,0,0,0,50,staff/staff29,0
151,21,Mythril Rod,staff,1,0,25,30,0,0,9,0,35,0,0,0,44,staff/staff30,0
152,22,Pearlwing Staff,staff,1,0,25,30,0,0,10,1,43,0,0,0,54,staff/staff31,0
153,23,Brightwing Staff,staff,1,0,25,40,0,0,10,0,44,0,0,0,54,staff/staff32,0
154,24,Crystal Rod,staff,1,0,30,40,0,0,15,0,49,0,0,0,64,staff/staff33,0
155,25,Serpent Staff,staff,1,0,30,40,0,0,15,1,51,0,0,0,67,staff/staff34,0
156,26,Prism Staff,staff,1,0,30,40,1,0,15,0,51,0,0,0,67,staff/staff35,0
157,27,Octagon Rod,staff,1,0,40,40,0,0,22,4,55,0,0,0,81,staff/staff36,0
158,28,Blizzard Staff,staff,1,0,40,40,0,0,24,1,57,0,0,0,82,staff/staff37,0
159,29,Sand’s Staff,staff,1,0,46,60,1,0,26,5,62,0,0,0,94,staff/staff38,0
160,30,Eternity’s Rod,staff,1,0,50,60,0,0,28,5,69,0,0,0,102,staff/staff39,0
161,31,Heavenly Axis,staff,1,2,1,5,0,0,6,1,11,0,0,0,18,staff/staff40,0
162,32,Dragonheart Rod,staff,1,2,5,10,2,0,9,0,20,0,0,0,31,staff/staff41,0
163,33,Rod of Thorns,staff,1,2,10,15,0,0,12,2,30,0,0,0,44,staff/staff42,0
164,34,Painkiller,staff,1,2,15,20,0,0,15,0,32,0,0,0,47,staff/staff43,0
165,35,Aurora Rod,staff,1,2,25,30,0,0,18,2,35,0,0,0,55,staff/staff45,0
166,36,Fairy Tale,staff,1,2,30,35,2,0,23,0,48,0,0,0,73,staff/staff46,0
167,37,Princess Guard,staff,1,2,35,40,0,0,25,0,55,0,0,0,80,staff/staff47,0
168,38,Cypress Pile,staff,1,2,40,45,0,0,30,2,61,0,0,0,93,staff/staff48,0
169,39,Walkers Guide,staff,1,2,45,50,0,0,33,0,67,0,0,0,100,staff/staff49,0
170,40,Nirvana,staff,1,2,50,55,0,0,36,1,74,0,0,0,111,staff/staff50,0
171,41,Summoner’s Rod,staff,1,2,55,60,0,0,39,4,80,0,0,0,123,staff/staff51,0
172,42,Vesper,staff,1,3,15,25,2,0,18,4,40,0,0,0,64,staff/staff52,0
173,43,Darkcloud,staff,1,3,25,40,0,0,25,4,50,0,0,0,79,staff/staff53,0
174,44,Tears of the King,staff,1,3,35,50,5,0,33,2,70,0,0,0,110,staff/staff54,0
175,45,Suneye,staff,1,3,45,60,1,0,39,5,80,0,0,0,125,staff/staff55,0
176,46,Staff of Lost Future,staff,1,3,50,60,2,0,45,5,91,0,0,10,153,staff/staff56,0
,,,,,,,,,,,,,,,,,,
,,Amulet,,,,,,,,,,,,,,,,
177,1,Black Pearl Torc,amulet,5,0,1,10,,,,,,,5,,5,amulets/amulet10,0
178,2,Quartz Necklace,amulet,5,0,1,10,,,,,,,,5,5,amulets/amulet11,0
179,3,Wooden Necklace,amulet,5,0,2,10,,,,,,,10,,10,amulets/amulet12,0
180,4,Amulet of Protection,amulet,5,0,3,10,,,,,,,,10,10,amulets/amulet13,0
181,5,Shadow Necklace,amulet,5,0,3,10,,,,,,,12,,12,amulets/amulet14,0
182,6,The Rising Sun,amulet,5,0,4,10,,,,,,,,12,12,amulets/amulet15,0
183,7,Metalgrid,amulet,5,0,5,10,,,,,,,15,,15,amulets/amulet16,0
184,8,Mirage Necklace,amulet,5,0,5,10,,,,,,,,15,15,amulets/amulet17,0
185,9,Golden Necklace,amulet,5,0,6,10,,,,,,,17,,17,amulets/amulet18,0
186,10,Bronze Torc,amulet,5,0,6,10,,,,,,,,20,20,amulets/amulet19,0
187,11,Brilliant Necklace,amulet,5,0,6,10,,,,,,,20,,20,amulets/amulet20,0
188,12,Spectral Necklace,amulet,5,0,10,20,,,,,,,,22,22,amulets/amulet21,0
189,13,Basalt Necklace,amulet,5,0,10,20,,,,1,,,25,,26,amulets/amulet22,0
190,14,Tundra Necklace,amulet,5,0,15,20,,,,1,,,,35,36,amulets/amulet23,0
191,15,Necklace of Evil Faces,amulet,5,0,15,20,,,,2,,,35,,37,amulets/amulet24,0
192,16,Chipped Bone Necklace,amulet,5,0,15,20,,,,2,,,,35,37,amulets/amulet25,0
193,17,Green Arrow Necklace,amulet,5,0,20,30,,,,3,,,37,5,45,amulets/amulet26,0
194,18,Pirate's Amulet,amulet,5,0,20,30,,,,3,,,5,37,45,amulets/amulet27,0
195,19,Wolf Fang Necklace,amulet,5,0,20,30,,,,4,,,37,7,48,amulets/amulet28,0
196,20,Jade Amulet,amulet,5,0,25,30,,,,4,,,7,40,51,amulets/amulet29,0
197,21,Traveler's Amulet,amulet,5,0,25,30,1,1,,5,,,40,7,54,amulets/amulet30,0
198,22,Wolf Bone Amulet,amulet,5,0,25,30,,1,1,5,,,7,40,54,amulets/amulet31,0
199,23,Thunderstone Amulet,amulet,5,0,25,40,2,2,,5,,,40,7,56,amulets/amulet32,0
200,24,Imperial Amulet ,amulet,5,0,30,40,,2,2,6,,,15,40,65,amulets/amulet33,0
201,25,Cold Fire Necklace,amulet,5,0,30,40,3,3,,3,,,40,20,69,amulets/amulet34,0
202,26,Basilisk Scale Necklace,amulet,5,0,30,40,,3,3,7,,,5,45,63,amulets/amulet35,0
203,27,Brilliant Necklace,amulet,5,0,40,40,4,4,,8,,,70,0,86,amulets/amulet36,0
204,28,Broken Choker,amulet,5,0,40,40,,4,4,8,,,,70,86,amulets/amulet37,0
205,29,Desert Choker,amulet,5,0,46,60,5,5,,9,,,80,,99,amulets/amulet38,0
206,30,Opal Necklace  ,amulet,5,0,50,60,,5,5,9,,,5,85,109,amulets/amulet39,0
207,31,Pendant of the Marsh,amulet,5,2,5,10,6,8,,,,,10,0,24,amulets/amulet40,0
208,32,Seal of the Sea,amulet,5,2,10,15,,10,10,7,,,,10,37,amulets/amulet41,0
209,33,Darklight Healer's Choker,amulet,5,2,15,20,10,13,,3,,,20,,46,amulets/amulet42,0
210,34,Sapphire Gemmed Necklace,amulet,5,2,25,30,,15,15,8,,,,30,68,amulets/amulet43,0
211,35,Amulet of Evil Winds,amulet,5,2,30,35,16,16,,5,,,35,,72,amulets/amulet44,0
212,36,Rage of Ages,amulet,5,2,35,40,,16,16,6,,,,45,83,amulets/amulet45,0
213,37,Blazefury Medallion,amulet,5,2,40,45,18,18,,6,,,55,,97,amulets/amulet46,0
214,38,Cosmic Lights,amulet,5,2,45,50,,20,20,6,,,,60,106,amulets/amulet47,0
215,39,Wavefront Necklace,amulet,5,2,50,55,22,22,,7,,,65,,116,amulets/amulet48,0
216,40,Soulcleave ,amulet,5,2,55,60,,24,24,8,,,,70,126,amulets/amulet49,0
217,41,Token of Light,amulet,5,3,15,25,14,14,,5,,,10,10,53,amulets/amulet50,0
218,42,Winterfall's Frozen Necklace,amulet,5,3,25,40,,18,18,10,,,,50,96,amulets/amulet51,0
219,43,Nymph's Heart,amulet,5,3,35,50,25,22,,15,,,60,,122,amulets/amulet52,0
220,44,Eye of the Dark,amulet,5,3,45,60,,20,30,10,,,,75,135,amulets/amulet53,0
221,45,Fallen Dragon Necklace,amulet,5,3,50,60,35,32,,10,,,75,,152,amulets/amulet54,0
,,,,,,,,,,,,,,,,,,
,,Head,,,,,,,,,,,,,,,,
222,1,Full Helm,heavy,4,0,1,10,,,,,,5,,,5,head/head10,0
223,2,Great Helm,heavy,4,0,1,10,,,,,,7,,,7,head/head11,0
224,3,Casque,heavy,4,0,4,14,,,,,,9,,,9,head/head12,0
225,4,Platemail Helm,heavy,4,0,7,17,,,,,,11,,,11,head/head13,0
226,5,Frozen Leather Helmet,heavy,4,0,10,20,,,,,,13,,,13,head/head14,0
227,6,Golem Helmet,heavy,4,0,13,23,,,,,,15,,,15,head/head15,0
228,7,Revenant Helmet,heavy,4,0,16,26,,,,,,17,,,17,head/head16,0
229,8,Frayfeather Helm,heavy,4,0,19,29,,,,,,19,,,19,head/head17,0
230,9,Assault Helmet,heavy,4,0,22,32,1,,,,,21,,,22,head/head18,0
231,10,Lion Helm,heavy,4,0,25,35,1,1,,,,23,,,25,head/head19,0
232,11,Rage Mask,heavy,4,0,28,38,1,,,,,25,,,26,head/head20,0
233,12,Circlet of Sanctification,heavy,4,0,30,40,1,1,,,,27,,,29,head/head21,0
234,13,Mohawk Mask,heavy,4,0,34,44,2,,,,,29,,,31,head/head22,0
235,14,Diamond Helm,heavy,4,0,37,47,2,2,,,,31,,,35,head/head23,0
236,15,Mythril Helm,heavy,4,0,40,50,2,,,,,33,,,35,head/head24,0
237,16,Crystal Helm,heavy,4,0,43,53,3,3,,,,35,,,41,head/head25,0
238,17,Tiger Mask,heavy,4,0,46,56,3,,,,,37,,,40,head/head26,0
239,18,Brutal Helm,heavy,4,0,49,59,4,4,,,,39,,,47,head/head27,0
240,19,Steel Helm,heavy,4,0,52,60,4,,,,,41,,,45,head/head28,0
241,20,Mithril Coif,heavy,4,0,55,60,5,5,,,,43,,,53,head/head29,0
242,21,Cap,light,4,0,1,10,,,,,,1,,,1,head/head30,0
243,22,Mask,light,4,0,1,10,,,,,,3,,,3,head/head31,0
244,23,Circlet,light,4,0,4,14,,,,,,5,,,5,head/head32,0
245,24,Mail Circlet,light,4,0,7,17,,,,,,7,,,7,head/head33,0
246,25,Cloth Hat,light,4,0,10,20,,,,,,9,,,9,head/head34,0
247,26,Wooly Cowl,light,4,0,13,23,,,,,,11,,,11,head/head35,0
248,27,Grand Crown,light,4,0,16,26,,,,,,13,,,13,head/head36,0
249,28,Diadem,light,4,0,19,29,,,,,,15,,,15,head/head37,0
250,29,Purple Turban,light,4,0,22,32,,1,1,,,17,,,19,head/head38,0
251,30,Peasant Crown,light,4,0,25,35,,,1,,,19,,,20,head/head39,0
252,31,Crown of Thieves,light,4,0,28,38,,1,1,,,21,,,23,head/head40,0
253,32,Mooncloth Helm,light,4,0,30,40,,,1,,,23,,,24,head/head41,0
254,33,Valorous Crown,light,4,0,34,44,,2,2,,,25,,,29,head/head42,0
255,34,Bandit Mask,light,4,0,37,47,,,2,,,27,,,29,head/head43,0
256,35,Faded Wizard Hat,light,4,0,40,50,,2,2,,,29,,,33,head/head44,0
257,36,Violet Hat,light,4,0,43,53,,,3,,,31,,,34,head/head45,0
258,37,Spring Circlet,light,4,0,46,56,,3,3,,,33,,,39,head/head46,0
259,38,Ancient Crown,light,4,0,49,59,,,4,,,35,,,39,head/head47,0
260,39,Wizard's Hat,light,4,0,52,60,,4,4,,,37,,,45,head/head48,0
261,40,Wooly Cowl,light,4,0,55,60,,,5,,,39,,,44,head/head49,0
262,41,Volcanic Helmet,heavy,4,2,10,25,5,,,,,20,,,25,head/head50,0
263,42,Dragonhide Helm,heavy,4,2,25,35,17,17,,,,40,5,,79,head/head51,0
264,43,Legion Headguard,heavy,4,2,35,50,21,,,,,50,10,,81,head/head52,0
265,44,Wolfshead Helm,heavy,4,2,45,60,25,25,,,,60,15,,125,head/head53,0
266,45,Planetary Helm,heavy,4,2,55,60,29,,,,,70,20,,119,head/head54,0
267,46,Griffon's Eye,light,4,2,10,25,,13,5,,,20,,5,43,head/head55,0
268,47,Dark Phoenix Crown,light,4,2,25,35,,,17,,,40,,10,67,head/head56,0
269,48,Flamewaker's Headguard,light,4,2,35,50,,21,21,,,50,,15,107,head/head57,0
270,49,Fury Visor,light,4,2,45,60,,,25,,,60,,20,105,head/head58,0
271,50,Collar of Command,light,4,2,55,60,,29,29,,,70,,25,153,head/head59,0
272,51,Defractor,heavy,4,3,40,60,27,,,,,80,,,107,head/head60,0
273,52,Lionhead,heavy,4,3,55,60,33,33,,,,100,30,,196,head/head61,0
274,53,Shadowflame Hood,light,4,3,30,60,,22,22,,,70,,,114,head/head62,0
275,54,Emberfire Cowl,light,4,3,40,60,,27,27,,,80,,,134,head/head63,0
276,55,Head Crab,light,4,3,55,60,,,33,,,20,,110,163,head/head64,0
,,,,,,,,,,,,,,,,,,
,,Chest,,,,,,,,,,,,,,,,
277,1,Warped Leather Vest,heavy,12,0,1,10,,,,,,5,,,5,chest/chest_mail10,0
278,2,Bone-Plated Armor,heavy,12,0,1,10,,,,,,7,,,7,chest/chest_mail11,0
279,3,Chainmail Armor,heavy,12,0,4,14,,,,,,9,,,9,chest/chest_mail12,0
280,4,Chain Vest,heavy,12,0,7,17,,,,,,15,,,15,chest/chest_mail13,0
281,5,Light Chain Armor,heavy,12,0,10,20,,,,,,20,,,20,chest/chest_mail15,0
282,6,Breast Plate,heavy,12,0,13,23,,,,,,28,,,28,chest/chest_mail16,0
283,7,Light Plate,heavy,12,0,16,26,,,,,,32,,,32,chest/chest_mail17,0
284,8,Reinforced Chain Vest,heavy,12,0,19,29,,,,,,38,,,38,chest/chest_mail18,0
285,9,Bonelink Armor,heavy,12,0,22,32,1,,,,,44,,,45,chest/chest_mail19,0
286,10,Champion's Armor,heavy,12,0,25,35,1,1,,,,50,,,52,chest/chest_mail20,0
287,11,Captain's Breastplate,heavy,12,0,28,38,1,,,,,56,,,57,chest/chest_mail21,0
288,12,Crusader's Armor,heavy,12,0,30,40,1,1,,,,60,,,62,chest/chest_mail22,0
289,13,Improvised Breastplate,heavy,12,0,34,44,2,,,,,68,,,70,chest/chest_mail03,0
290,14,Radiant Breastplate,heavy,12,0,37,47,2,2,,,,74,,,78,chest/chest_mail04,0
291,15,Protector Breastplate,heavy,12,0,40,50,2,,,,,80,,,82,chest/chest_mail05,0
292,16,Steel Breastplate,heavy,12,0,43,53,3,3,,,,86,,,92,chest/chest_mail06,0
293,17,Bloodscale Breastplate,heavy,12,0,46,56,3,,,,,92,,,95,chest/chest_mail07,0
294,18,Golem Breastplate,heavy,12,0,49,59,4,4,,,,98,,,106,chest/chest_mail08,0
295,19,Imbued Plate Armor,heavy,12,0,52,60,4,,,,,104,,,108,chest/chest_mail09,0
296,20,Muck-Stained Carapace,heavy,12,0,55,60,5,5,,,,110,,,120,chest/chest_mail90,0
297,21,Warbringer's Robe,light,12,0,1,10,,,,,,5,,,5,chest/chest_cloth10,0
298,22,Acolyte's Robe,light,12,0,1,10,,,,,,7,,,7,chest/chest_cloth11,0
299,23,Apprentice's Robe,light,12,0,4,14,,,,,,9,,,9,chest/chest_cloth12,0
300,24,Dirty Leather Vest,light,12,0,7,17,,,,,,15,,,15,chest/chest_cloth13,0
301,25,Leather Vest,light,12,0,10,20,,,,,,20,,,20,chest/chest_cloth14,0
302,26,Layered Tunic,light,12,0,13,23,,,,,,28,,,28,chest/chest_cloth15,0
303,27,Light Cloth Armor,light,12,0,16,26,,,,,,32,,,32,chest/chest_cloth16,0
304,28,Ranger's Vest,light,12,0,19,29,,,,,,38,,,38,chest/chest_cloth17,0
305,29,Winter Jacket,light,12,0,22,32,,1,1,,,44,,,46,chest/chest_cloth18,0
306,30,Frozen Armor,light,12,0,25,35,,,1,,,50,,,51,chest/chest_cloth19,0
307,31,Arcane Armor,light,12,0,28,38,,1,1,,,56,,,58,chest/chest_cloth20,0
308,32,Aurora Robe,light,12,0,30,40,,,1,,,60,,,61,chest/chest_cloth21,0
309,33,Celestial Tunic,light,12,0,34,44,,2,2,,,68,,,72,chest/chest_cloth22,0
310,34,Death-Speaker's Tunic,light,12,0,37,47,,,2,,,74,,,76,chest/chest_cloth23,0
311,35,Hibernal Robe,light,12,0,40,50,,2,2,,,80,,,84,chest/chest_cloth24,0
312,36,Lunar Vest,light,12,0,43,53,,,3,,,86,,,89,chest/chest_cloth25,0
313,37,Oracle Robe,light,12,0,46,56,,3,3,,,92,,,98,chest/chest_cloth26,0
314,38,Conqueror's Robe,light,12,0,49,59,,,4,,,98,,,102,chest/chest_cloth27,0
315,39,Refuge Armor,light,12,0,52,60,,4,4,,,104,,,112,chest/chest_cloth28,0
316,40,Wyrm Robe,light,12,0,55,60,,,5,,,110,,,115,chest/chest_cloth29,0
317,41,Beauty's Plate,heavy,12,2,10,25,5,,,,,20,,,25,chest/chest_mail91,0
318,42,Dragonic Vest,heavy,12,2,25,35,17,17,,,,40,5,,79,chest/chest_mail92,0
319,43,Dark Corsar's Chest,heavy,12,2,35,50,21,,,,,50,10,,81,chest/chest_mail93,0
320,44,Razorshell Chest,heavy,12,2,45,60,25,25,,,,60,15,,125,chest/chest_mail94,0
321,45,Skyshredder Battleplate,heavy,12,2,55,60,29,,,,,70,20,,119,chest/chest_mail95,0
322,46,Sparkling Tunic,light,12,2,10,25,,13,5,,,20,,5,43,chest/chest_cloth30,0
323,47,Black Hades,light,12,2,25,35,,,17,,,40,,10,67,chest/chest_cloth31,0
324,48,Frostsavage,light,12,2,35,50,,21,21,,,50,,15,107,chest/chest_cloth32,0
325,49,Exotic Leather Tunic,light,12,2,45,60,,,25,,,60,,20,105,chest/chest_cloth33,0
326,50,Goldskin Plate,light,12,2,55,60,,29,29,,,70,,25,153,chest/chest_cloth34,0
327,51,Strength's Supremacy,heavy,12,3,30,60,27,,,,,80,,,107,chest/chest_mail96,0
328,52,Neversummer Chest,heavy,12,3,40,60,33,33,,,,90,,,156,chest/chest_mail97,0
329,53,Chest of Whispering Sands,heavy,12,3,55,60,,22,22,,,150,,,194,chest/chest_mail98,0
330,54,Angel's Wings,light,12,3,40,60,,27,27,,,80,,10,144,chest/chest_cloth35,0
331,55,Neverwinter Robe,light,12,3,55,60,,,33,,,120,,,153,chest/chest_cloth36,0
,,,,,,,,,,,,,,,,,,
,,Legs,,,,,,,,,,,,,,,,
332,1,Barkmail Leggings,heavy,11,0,1,10,,,,,,5,,,5,legs/legs_mail10,0
333,2,Guard's Leggings,heavy,11,0,1,10,,,,,,7,,,7,legs/legs_mail11,0
334,3,Light Mail Leggings,heavy,11,0,4,14,,,,,,9,,,9,legs/legs_mail12,0
335,4,Platemail Leggings,heavy,11,0,7,17,,,,,,15,,,15,legs/legs_mail13,0
336,5,Scalemail Pants,heavy,11,0,10,20,,,,,,20,,,20,legs/legs_mail14,0
337,6,Light Plate Pants,heavy,11,0,13,23,,,,,,28,,,28,legs/legs_mail15,0
338,7,Everstill Leggings,heavy,11,0,16,26,,,,,,32,,,32,legs/legs_mail16,0
339,8,Battleforge Legguards,heavy,11,0,19,29,,,,,,38,,,38,legs/legs_mail17,0
340,9,Crusader's Leggings,heavy,11,0,22,32,1,,,,,44,,,45,legs/legs_mail18,0
341,10,Legguards of Revelation,heavy,11,0,25,35,1,1,,,,50,,,52,legs/legs_mail19,0
342,11,Lord's Legguards,heavy,11,0,28,38,1,,,,,56,,,57,legs/legs_mail20,0
343,12,Outrider Chainmail,heavy,11,0,30,40,1,1,,,,60,,,62,legs/legs_mail21,0
344,13,Reforged Chain Leggings,heavy,11,0,34,44,2,,,,,68,,,70,legs/legs_mail24,0
345,14,Crystalplate Legguards,heavy,11,0,37,47,2,2,,,,74,,,78,legs/legs_mail25,0
346,15,Golem Legplates,heavy,11,0,40,50,2,,,,,80,,,82,legs/legs_mail26,0
347,16,Overlord's Legplates,heavy,11,0,43,53,3,3,,,,86,,,92,legs/legs_mail27,0
348,17,Mithril Pants,heavy,11,0,46,56,3,,,,,92,,,95,legs/legs_mail28,0
349,18,Reaver Legplates,heavy,11,0,49,59,4,4,,,,98,,,106,legs/legs_mail30,0
350,19,Valorous Legguards,heavy,11,0,52,60,4,,,,,104,,,108,legs/legs_mail31,0
351,20,Symbolic Legplates,heavy,11,0,55,60,5,5,,,,110,,,120,legs/legs_mail32,0
352,21,Acolyte's Pants,light,11,0,1,10,,,,,,5,,,5,legs/legs_cloth10,0
353,22,Apprentice's Pants,light,11,0,1,10,,,,,,7,,,7,legs/legs_cloth11,0
354,23,Bloodsail Pants,light,11,0,4,14,,,,,,9,,,9,legs/legs_cloth12,0
355,24,Family Leggings,light,11,0,7,17,,,,,,15,,,15,legs/legs_cloth13,0
356,25,Leather Pants,light,11,0,10,20,,,,,,20,,,20,legs/legs_cloth14,0
357,26,Heavy Weave Pants,light,11,0,13,23,,,,,,28,,,28,legs/legs_cloth15,0
358,27,Snowhide Pants,light,11,0,16,26,,,,,,32,,,32,legs/legs_cloth16,0
359,28,Bleached Plate Pants,light,11,0,19,29,,,,,,38,,,38,legs/legs_cloth17,0
360,29,Hibernal Pants,light,11,0,22,32,,1,1,,,44,,,46,legs/legs_cloth18,0
361,30,Ivycloth Pants,light,11,0,25,35,,,1,,,50,,,51,legs/legs_cloth19,0
362,31,Lunar Leggings,light,11,0,28,38,,1,1,,,56,,,58,legs/legs_cloth20,0
363,32,Mystical Leggings,light,11,0,30,40,,,1,,,60,,,61,legs/legs_cloth21,0
364,33,Runecloth Pants,light,11,0,34,44,,2,2,,,68,,,72,legs/legs_cloth22,0
365,34,Sorcerer Pants,light,11,0,37,47,,,2,,,74,,,76,legs/legs_cloth23,0
366,35,Wizardweave Leggings,light,11,0,40,50,,2,2,,,80,,,84,legs/legs_cloth24,0
367,36,Felscale Pants,light,11,0,43,53,,,3,,,86,,,89,legs/legs_cloth25,0
368,37,Hero's Leggings,light,11,0,46,56,,3,3,,,92,,,98,legs/legs_cloth26,0
369,38,Sea Legs,light,11,0,49,59,,,4,,,98,,,102,legs/legs_cloth27,0
370,39,Bejeweled Legguards,light,11,0,52,60,,4,4,,,104,,,112,legs/legs_cloth28,0
371,40,Skyfire Greaves,light,11,0,55,60,,,5,,,110,,,115,legs/legs_cloth29,0
372,41,Deathbone Legguards,heavy,11,2,10,25,5,,,,,20,,,25,legs/legs_mail35,0
373,42,Legplates of Heroism,heavy,11,2,25,35,17,17,,,,40,5,,79,legs/legs_mail36,0
374,43,Slayer's Leggings,heavy,11,2,35,50,21,,,,,50,10,,81,legs/legs_mail37,0
375,44,Leggings of Woven Death,heavy,11,2,45,60,25,25,,,,60,15,,125,legs/legs_mail38,0
376,45,Felheart Pants,heavy,11,2,55,60,29,,,,,70,20,,119,legs/legs_mail39,0
377,46,Offline Greaves,light,11,2,10,25,,13,5,,,20,,5,43,legs/legs_cloth34,0
378,47,Azure Strappy Pants,light,11,2,25,35,,,17,,,40,,10,67,legs/legs_cloth35,0
379,48,Firehawk Leggings,light,11,2,35,50,,21,21,,,50,,15,107,legs/legs_cloth36,0
380,49,Dark Heart Pants,light,11,2,45,60,,,25,,,60,,20,105,legs/legs_cloth37,0
381,50,Frostfire Leggings,light,11,2,55,60,,29,29,,,70,,25,153,legs/legs_cloth38,0
382,51,Genesis Trousers,heavy,11,3,30,60,27,,,,,80,,,107,legs/legs_mail40,0
383,52,Judgement Legplates,heavy,11,3,40,60,33,33,,,,90,,,156,legs/legs_mail41,0
384,53,Neversummer Legplates,heavy,11,3,55,60,,22,22,,,150,,,194,legs/legs_mail42,0
385,54,Manastorm Leggings,light,11,3,40,60,,27,27,,,80,,10,144,legs/legs_cloth39,0
386,55,Neverwinter Pants,light,11,3,55,60,,,33,,,120,,,153,legs/legs_cloth40,0
,,,,,,,,,,,,,,,,,,
,,Waist,,,,,,,,,,,,,,,,
387,1,Chainmail Belt,heavy,8,0,1,10,,,,,,5,,,5,waist/waist10,0
388,2,Grizzly Belt,heavy,8,0,1,10,,,,,,7,,,7,waist/waist11,0
389,3,Plate Belt,heavy,8,0,4,14,,,,,,9,,,9,waist/waist12,0
390,4,Chain Belt,heavy,8,0,7,17,,,,,,15,,,15,waist/waist13,0
391,5,Infantry Belt,heavy,8,0,10,20,,,,,,20,,,20,waist/waist14,0
392,6,Rusted Chain Belt,heavy,8,0,13,23,,,,,,28,,,28,waist/waist15,0
393,7,Deteriorating Plate Belt,heavy,8,0,16,26,,,,,,32,,,32,waist/waist16,0
394,8,Darkmist Girdle,heavy,8,0,19,29,,,,,,38,,,38,waist/waist17,0
395,9,Dreamer's Belt,heavy,8,0,22,32,1,,,,,44,,,45,waist/waist18,0
396,10,Plate Belt,heavy,8,0,25,35,1,1,,,,50,,,52,waist/waist19,0
397,11,Mithril Coil,heavy,8,0,28,38,1,,,,,56,,,57,waist/waist20,0
398,12,Battleforge Girdle,heavy,8,0,30,40,1,1,,,,60,,,62,waist/waist21,0
399,13,Knight's Girdle,heavy,8,0,34,44,2,,,,,68,,,70,waist/waist22,0
400,14,Mail Combat Belt,heavy,8,0,37,47,2,2,,,,74,,,78,waist/waist23,0
401,15,Mercurial Girdle,heavy,8,0,40,50,2,,,,,80,,,82,waist/waist24,0
402,16,Heavy Obsidian Belt,heavy,8,0,43,53,3,3,,,,86,,,92,waist/waist25,0
403,17,Iron Will Girdle,heavy,8,0,46,56,3,,,,,92,,,95,waist/waist26,0
404,18,Stalwart Clutch,heavy,8,0,49,59,4,4,,,,98,,,106,waist/waist27,0
405,19,Zodiac Girdle,heavy,8,0,52,60,4,,,,,104,,,108,waist/waist28,0
406,20,Tribal Girdle,heavy,8,0,55,60,5,5,,,,110,,,120,waist/waist29,0
407,21,Sash,light,8,0,1,10,,,,,,5,,,5,waist/waist30,0
408,22,Animal Skin Belt,light,8,0,1,10,,,,,,7,,,7,waist/waist31,0
409,23,Apprentice Sash,light,8,0,4,14,,,,,,9,,,9,waist/waist32,0
410,24,Free Body Belt,light,8,0,7,17,,,,,,15,,,15,waist/waist33,0
411,25,Thin Cloth Belt,light,8,0,10,20,,,,,,20,,,20,waist/waist34,0
412,26,Frozen Belt,light,8,0,13,23,,,,,,28,,,28,waist/waist35,0
413,27,Azure Silk Belt,light,8,0,16,26,,,,,,32,,,32,waist/waist36,0
414,28,Embersilk Cord,light,8,0,19,29,,,,,,38,,,38,waist/waist37,0
415,29,Greenweave Sash,light,8,0,22,32,,1,1,,,44,,,46,waist/waist38,0
416,30,Scorching Sash,light,8,0,25,35,,,1,,,50,,,51,waist/waist39,0
417,31,Star Belt,light,8,0,28,38,,1,1,,,56,,,58,waist/waist40,0
418,32,Stardust Belt,light,8,0,30,40,,,1,,,60,,,61,waist/waist41,0
419,33,Wizard's Belt,light,8,0,34,44,,2,2,,,68,,,72,waist/waist42,0
420,34,Slayer's Waistguard,light,8,0,37,47,,,2,,,74,,,76,waist/waist43,0
421,35,Heartdust Belt,light,8,0,40,50,,2,2,,,80,,,84,waist/waist44,0
422,36,Frostsaber Belt,light,8,0,43,53,,,3,,,86,,,89,waist/waist45,0
423,37,Raven's Sash,light,8,0,46,56,,3,3,,,92,,,98,waist/waist46,0
424,38,Greenleaf Belt,light,8,0,49,59,,,4,,,98,,,102,waist/waist47,0
425,39,Woven Sash,light,8,0,52,60,,4,4,,,104,,,112,waist/waist48,0
426,40,Snakecord,light,8,0,55,60,,,5,,,110,,,115,waist/waist49,0
427,41,Waistguard of New Days,heavy,8,2,10,25,5,,,,,20,,,25,waist/waist50,0
428,42,Allen's Abandoned Belt,heavy,8,2,25,35,17,17,,,,40,5,,79,waist/waist51,0
429,43,Icy Scale Belt,heavy,8,2,35,50,21,,,,,50,10,,81,waist/waist52,0
430,44,Lightning Well Belt,heavy,8,2,45,60,25,25,,,,60,15,,125,waist/waist56,0
431,45,War-Feathered Loop,heavy,8,2,55,60,29,,,,,70,20,,119,waist/waist57,0
432,46,Belt of Ten Storms,light,8,2,10,25,,13,5,,,20,,5,43,waist/waist58,0
433,47,Aftershock,light,8,2,25,35,,,17,,,40,,10,67,waist/waist59,0
434,48,Stormleather Sash,light,8,2,35,50,,21,21,,,50,,15,107,waist/waist60,0
435,49,Waistband of Hexes,light,8,2,45,60,,,25,,,60,,20,105,waist/waist61,0
436,50,Relic Hunter's Cord,light,8,2,55,60,,29,29,,,70,,25,153,waist/waist62,0
437,51,Dragonhide ,heavy,8,3,40,60,27,,,,,80,,,107,waist/waist63,0
438,52,Wildhawk ,heavy,8,3,55,60,33,33,,,,90,,,156,waist/waist64,0
439,53,Sash of Mercy,light,8,3,30,60,,22,22,,,150,,,194,waist/waist65,0
440,54,Unravelling Strands of Sanity,light,8,3,40,60,,27,27,,,80,,10,144,waist/waist66,0
441,55,Vine of the Driad,light,8,3,55,60,,,33,,,120,,,153,waist/waist67,0
,,,,,,,,,,,,,,,,,,
,,Hands,,,,,,,,,,,,,,,,
442,1,Battle Worn Gauntlets,heavy,10,0,1,10,,,,,,5,,,5,hand/hand10,0
443,2,Chain Gloves,heavy,10,0,1,10,,,,,,7,,,7,hand/hand11,0
444,3,Light Gauntlets,heavy,10,0,4,14,,,,,,9,,,9,hand/hand12,0
445,4,Battle Gauntlets,heavy,10,0,7,17,,,,,,15,,,15,hand/hand13,0
446,5,Infantry Gauntlets,heavy,10,0,10,20,,,,,,20,,,20,hand/hand14,0
447,6,Scalemail Gloves,heavy,10,0,13,23,,,,,,28,,,28,hand/hand15,0
448,7,Hero's Gauntlets,heavy,10,0,16,26,,,,,,32,,,32,hand/hand16,0
449,8,Marauder's Gauntlets,heavy,10,0,19,29,,,,,,38,,,38,hand/hand17,0
450,9,Mercurial Gauntlets,heavy,10,0,22,32,1,,,,,44,,,45,hand/hand18,0
451,10,Phalanx Gauntlets,heavy,10,0,25,35,1,1,,,,50,,,52,hand/hand19,0
452,11,Sandspire Gloves,heavy,10,0,28,38,1,,,,,56,,,57,hand/hand20,0
453,12,Sundown Gauntlets,heavy,10,0,30,40,1,1,,,,60,,,62,hand/hand21,0
454,13,Revenant Gauntlets,heavy,10,0,34,44,2,,,,,68,,,70,hand/hand22,0
455,14,Stormhammer Gauntlets,heavy,10,0,37,47,2,2,,,,74,,,78,hand/hand23,0
456,15,Valorous Gauntlets,heavy,10,0,40,50,2,,,,,80,,,82,hand/hand24,0
457,16,Glorious Gauntlets,heavy,10,0,43,53,3,3,,,,86,,,92,hand/hand25,0
458,17,Sage's Gloves,heavy,10,0,46,56,3,,,,,92,,,95,hand/hand26,0
459,18,Resplendent Gauntlets,heavy,10,0,49,59,4,4,,,,98,,,106,hand/hand27,0
460,19,Whitemoon Gloves,heavy,10,0,52,60,4,,,,,104,,,108,hand/hand28,0
461,20,Arctic Gloves,heavy,10,0,55,60,5,5,,,,110,,,120,hand/hand29,0
462,21,Ancestral Gloves,light,10,0,1,10,,,,,,5,,,5,hand/hand30,0
463,22,Leather Gloves,light,10,0,1,10,,,,,,7,,,7,hand/hand31,0
464,23,Dirty Leather Gloves,light,10,0,4,14,,,,,,9,,,9,hand/hand32,0
465,24,Light Cloth Gloves,light,10,0,7,17,,,,,,15,,,15,hand/hand40,0
466,25,Red Cloud Gloves,light,10,0,10,20,,,,,,20,,,20,hand/hand41,0
467,26,Tribal Gloves,light,10,0,13,23,,,,,,28,,,28,hand/hand44,0
468,27,Woven Gloves,light,10,0,16,26,,,,,,32,,,32,hand/hand47,0
469,28,Patchwork Gloves,light,10,0,19,29,,,,,,38,,,38,hand/hand48,0
470,29,Kaulslayer Grips,light,10,0,22,32,,1,1,,,44,,,46,hand/hand49,0
471,30,Sentry's Gloves,light,10,0,25,35,,,1,,,50,,,51,hand/hand50,0
472,31,Wyrmfire Gloves,light,10,0,28,38,,1,1,,,56,,,58,hand/hand51,0
473,32,Arcane Gloves,light,10,0,30,40,,,1,,,60,,,61,hand/hand52,0
474,33,Ethereal Gloves,light,10,0,34,44,,2,2,,,68,,,72,hand/hand53,0
475,34,Imperial Red Gloves,light,10,0,37,47,,,2,,,74,,,76,hand/hand54,0
476,35,Mystical Gloves,light,10,0,40,50,,2,2,,,80,,,84,hand/hand55,0
477,36,Oracle Gloves,light,10,0,43,53,,,3,,,86,,,89,hand/hand56,0
478,37,Mageweave Gloves,light,10,0,46,56,,3,3,,,92,,,98,hand/hand57,0
479,38,Starfire Gloves,light,10,0,49,59,,,4,,,98,,,102,hand/hand58,0
480,39,Heart Grippers,light,10,0,52,60,,4,4,,,104,,,112,hand/hand59,0
481,40,Frostsaber Gloves,light,10,0,55,60,,,5,,,110,,,115,hand/hand60,0
482,41,Greenleaf Handwraps,heavy,10,2,10,25,5,,,,,20,,,25,hand/hand70,0
483,42,Southfury Gauntlets,heavy,10,2,25,35,17,17,,,,40,5,,79,hand/hand71,0
484,43,Adamantite Plate Gloves,heavy,10,2,35,50,21,,,,,50,10,,81,hand/hand72,0
485,44,Rockgrab Crushers,heavy,10,2,45,60,25,25,,,,60,15,,125,hand/hand73,0
486,45,Hyperion Gauntlets,heavy,10,2,55,60,29,,,,,70,20,,119,hand/hand74,0
487,46,Zodiac Gloves,light,10,2,10,25,,13,5,,,20,,5,43,hand/hand75,0
488,47,Raven's Claws,light,10,2,25,35,,,17,,,40,,10,67,hand/hand76,0
489,48,Onyx Grips,light,10,2,35,50,,21,21,,,50,,15,107,hand/hand79,0
490,49,Snowhide Mitts,light,10,2,45,60,,,25,,,60,,20,105,hand/hand84,0
491,50,Defiler's Handguards,light,10,2,55,60,,29,29,,,70,,25,153,hand/hand85,0
492,51,Time-Stop Gloves,heavy,10,3,30,60,27,,,,,80,,,107,hand/hand86,0
493,52,Soul Drainer,heavy,10,3,40,60,33,33,,,,90,,,156,hand/hand87,0
494,53,Gryphon Talon Gauntlets,heavy,10,3,55,60,,22,22,,,150,,,194,hand/hand88,0
495,54,Death Grips,light,10,3,40,60,,27,27,,,80,,10,144,hand/hand89,0
496,55,Fists of the Pack,light,10,3,55,60,,,33,,,120,,,153,hand/hand90,0
,,,,,,,,,,,,,,,,,,
,,Wrist,,,,,,,,,,,,,,,,
497,1,Battle Chain Bracers,heavy,9,0,1,10,,,,,,5,,,5,wrist/wrist10,0
498,2,Copper Bracers,heavy,9,0,1,10,,,,,,7,,,7,wrist/wrist11,0
499,3,Light Chain Bracers,heavy,9,0,4,14,,,,,,9,,,9,wrist/wrist12,0
500,4,Rustmetal Bracers,heavy,9,0,7,17,,,,,,15,,,15,wrist/wrist13,0
501,5,Veteran Bracers,heavy,9,0,10,20,,,,,,20,,,20,wrist/wrist14,0
502,6,Coldwraith Bindings,heavy,9,0,13,23,,,,,,28,,,28,wrist/wrist15,0
503,7,Darkspear Cuffs,heavy,9,0,16,26,,,,,,32,,,32,wrist/wrist16,0
504,8,Hibernal Bracers,heavy,9,0,19,29,,,,,,38,,,38,wrist/wrist17,0
505,9,Marsh Bracers,heavy,9,0,22,32,1,,,,,44,,,45,wrist/wrist18,0
506,10,Clefthoof Bracers,heavy,9,0,25,35,1,1,,,,50,,,52,wrist/wrist19,0
507,11,Explorer's Bands,heavy,9,0,28,38,1,,,,,56,,,57,wrist/wrist20,0
508,12,Ranger Wristguards,heavy,9,0,30,40,1,1,,,,60,,,62,wrist/wrist21,0
509,13,Battleforge Wristguards,heavy,9,0,34,44,2,,,,,68,,,70,wrist/wrist22,0
510,14,Ravager's Armguards,heavy,9,0,37,47,2,2,,,,74,,,78,wrist/wrist23,0
511,15,Bonepicker Bracers,heavy,9,0,40,50,2,,,,,80,,,82,wrist/wrist24,0
512,16,Cobalt Bracers,heavy,9,0,43,53,3,3,,,,86,,,92,wrist/wrist25,0
513,17,Emerald Vambraces,heavy,9,0,46,56,3,,,,,92,,,95,wrist/wrist26,0
514,18,Glorious Bindings,heavy,9,0,49,59,4,4,,,,98,,,106,wrist/wrist27,0
515,19,Reaver Bracers,heavy,9,0,52,60,4,,,,,104,,,108,wrist/wrist28,0
516,20,Scavenger Bracers,heavy,9,0,55,60,5,5,,,,110,,,120,wrist/wrist29,0
517,21,Ancestral Bracers,light,9,0,1,10,,,,,,5,,,5,wrist/wrist30,0
518,22,Brackwater Bracers,light,9,0,1,10,,,,,,7,,,7,wrist/wrist31,0
519,23,Hunting Bracers,light,9,0,4,14,,,,,,9,,,9,wrist/wrist32,0
520,24,Light Cloth Bracers,light,9,0,7,17,,,,,,15,,,15,wrist/wrist33,0
521,25,Primal Bands,light,9,0,10,20,,,,,,20,,,20,wrist/wrist34,0
522,26,Spellbinder Bracers,light,9,0,13,23,,,,,,28,,,28,wrist/wrist37,0
523,27,Snowhide Bracers,light,9,0,16,26,,,,,,32,,,32,wrist/wrist38,0
524,28,Zombie Skin Bracers,light,9,0,19,29,,,,,,38,,,38,wrist/wrist39,0
525,29,Discolored Bracers,light,9,0,22,32,,1,1,,,44,,,46,wrist/wrist40,0
526,30,Imperial Red Bracers,light,9,0,25,35,,,1,,,50,,,51,wrist/wrist41,0
527,31,Mystical Bracers,light,9,0,28,38,,1,1,,,56,,,58,wrist/wrist42,0
528,32,Oracle Bracelets,light,9,0,30,40,,,1,,,60,,,61,wrist/wrist43,0
529,33,Ritual Bands,light,9,0,34,44,,2,2,,,68,,,72,wrist/wrist44,0
530,34,Sorcerer Bracelets,light,9,0,37,47,,,2,,,74,,,76,wrist/wrist45,0
531,35,Flarefire Bracers,light,9,0,40,50,,2,2,,,80,,,84,wrist/wrist46,0
532,36,Pathfinder Bracers,light,9,0,43,53,,,3,,,86,,,89,wrist/wrist47,0
533,37,Supreme Bracers,light,9,0,46,56,,3,3,,,92,,,98,wrist/wrist48,0
534,38,Frostscale Bracers,light,9,0,49,59,,,4,,,98,,,102,wrist/wrist49,0
535,39,Heroic Bracers,light,9,0,52,60,,4,4,,,104,,,112,wrist/wrist50,0
536,40,Valorous Wristguards,light,9,0,55,60,,,5,,,110,,,115,wrist/wrist51,0
537,41,Slayer's Cuffs,heavy,9,2,10,25,5,,,,,20,,,25,wrist/wrist52,0
538,42,Soulstealer's Bracers,heavy,9,2,25,35,17,17,,,,40,5,,79,wrist/wrist53,0
539,43,Icestriker Bands,heavy,9,2,35,50,21,,,,,50,10,,81,wrist/wrist56,0
540,44,Felstalker Bracers,heavy,9,2,45,60,25,25,,,,60,15,,125,wrist/wrist57,0
541,45,Flamebane Bracers,heavy,9,2,55,60,29,,,,,70,20,,119,wrist/wrist59,0
542,46,Sea Star Wristwraps,light,9,2,10,25,,13,5,,,20,,5,43,wrist/wrist60,0
543,47,Deepfury Bracers,light,9,2,25,35,,,17,,,40,,10,67,wrist/wrist61,0
544,48,Bracer of Portals,light,9,2,35,50,,21,21,,,50,,15,107,wrist/wrist62,0
545,49,Paper Roll Bracers,light,9,2,45,60,,,25,,,60,,20,105,wrist/wrist63,0
546,50,Battlescar Spirebands,light,9,2,55,60,,29,29,,,70,,25,153,wrist/wrist64,0
547,51,Devout Bracers,heavy,9,3,40,60,27,,,,,80,,,107,wrist/wrist65,0
548,52,Serpent Coils,heavy,9,3,55,60,33,33,,,,90,,,156,wrist/wrist66,0
549,53,Soulforge Bracers,light,9,3,30,60,,22,22,,,150,,,194,wrist/wrist67,0
550,54,Forgotten Wraps,light,9,3,40,60,,27,27,,,80,,10,144,wrist/wrist68,0
551,55,Demonslayer's Wristguards,light,9,3,55,60,,,33,,,120,,,153,wrist/wrist69,0
,,,,,,,,,,,,,,,,,,
,,Shoulder,,,,,,,,,,,,,,,,
552,1,Bashing Pauldrons,heavy,13,0,1,10,,,,,,5,,,5,shoulder/shoulder10,0
553,2,Raider's Shoulderpads,heavy,13,0,1,10,,,,,,7,,,7,shoulder/shoulder11,0
554,3,Mail Shoulderpads,heavy,13,0,4,14,,,,,,9,,,9,shoulder/shoulder12,0
555,4,Cloth Shoulderpads,heavy,13,0,7,17,,,,,,15,,,15,shoulder/shoulder13,0
556,5,Leather Shoulderpads,heavy,13,0,10,20,,,,,,20,,,20,shoulder/shoulder14,0
557,6,Plate Shoulderpads,heavy,13,0,13,23,,,,,,28,,,28,shoulder/shoulder15,0
558,7,Twill Shoulderpads,heavy,13,0,16,26,,,,,,32,,,32,shoulder/shoulder16,0
559,8,Sea Song Epaulettes,heavy,13,0,19,29,,,,,,38,,,38,shoulder/shoulder17,0
560,9,Cabalist Spaulders,heavy,13,0,22,32,1,,,,,44,,,45,shoulder/shoulder18,0
561,10,Headhunter's Spaulders,heavy,13,0,25,35,1,1,,,,50,,,52,shoulder/shoulder19,0
562,11,Cobalt Shoulders,heavy,13,0,28,38,1,,,,,56,,,57,shoulder/shoulder20,0
563,12,Harp Shell Shoulderplates,heavy,13,0,30,40,1,1,,,,60,,,62,shoulder/shoulder21,0
564,13,Runic Plate Shoulders,heavy,13,0,34,44,2,,,,,68,,,70,shoulder/shoulder22,0
565,14,Scourgebane Pauldrons,heavy,13,0,37,47,2,2,,,,74,,,78,shoulder/shoulder23,0
566,15,Blackforge Pauldrons,heavy,13,0,40,50,2,,,,,80,,,82,shoulder/shoulder24,0
567,16,Blood Knight Pauldrons,heavy,13,0,43,53,3,3,,,,86,,,92,shoulder/shoulder25,0
568,17,Spare Metal Pauldrons,heavy,13,0,46,56,3,,,,,92,,,95,shoulder/shoulder26,0
569,18,Phalanx Spaulders,heavy,13,0,49,59,4,4,,,,98,,,106,shoulder/shoulder27,0
570,19,Sandstone Pauldrons,heavy,13,0,52,60,4,,,,,104,,,108,shoulder/shoulder28,0
571,20,Gryphon Mail Pauldrons,heavy,13,0,55,60,5,5,,,,110,,,120,shoulder/shoulder29,0
572,21,Defender Spaulders,light,13,0,1,10,,,,,,5,,,5,shoulder/shoulder30,0
573,22,Silksand Shoulder Pads,light,13,0,1,10,,,,,,7,,,7,shoulder/shoulder31,0
574,23,Sorcerer Mantle,light,13,0,4,14,,,,,,9,,,9,shoulder/shoulder32,0
575,24,Starfire Mantle,light,13,0,7,17,,,,,,15,,,15,shoulder/shoulder33,0
576,25,Weeping Mantle,light,13,0,10,20,,,,,,20,,,20,shoulder/shoulder34,0
577,26,Mystical Mantle,light,13,0,13,23,,,,,,28,,,28,shoulder/shoulder35,0
578,27,Oasis Mantle,light,13,0,16,26,,,,,,32,,,32,shoulder/shoulder36,0
579,28,Azurestrike Shoulders,light,13,0,19,29,,,,,,38,,,38,shoulder/shoulder37,0
580,29,Dark Leather Shoulders,light,13,0,22,32,,1,1,,,44,,,46,shoulder/shoulder40,0
581,30,Flamefly Spaulders,light,13,0,25,35,,,1,,,50,,,51,shoulder/shoulder41,0
582,31,Grand Shoulders,light,13,0,28,38,,1,1,,,56,,,58,shoulder/shoulder44,0
583,32,Duskwing Mantle,light,13,0,30,40,,,1,,,60,,,61,shoulder/shoulder47,0
584,33,Ghostwalker Pads,light,13,0,34,44,,2,2,,,68,,,72,shoulder/shoulder48,0
585,34,Imperial Leather Spaulders,light,13,0,37,47,,,2,,,74,,,76,shoulder/shoulder49,0
586,35,Nightscape Shoulders,light,13,0,40,50,,2,2,,,80,,,84,shoulder/shoulder50,0
587,36,Balanced Pauldrons,light,13,0,43,53,,,3,,,86,,,89,shoulder/shoulder51,0
588,37,Expedition Defender's Shoulders,light,13,0,46,56,,3,3,,,92,,,98,shoulder/shoulder52,0
589,38,Frostpaw Epaulets,light,13,0,49,59,,,4,,,98,,,102,shoulder/shoulder53,0
590,39,Jade Epaulets,light,13,0,52,60,,4,4,,,104,,,112,shoulder/shoulder54,0
591,40,Orca Spaulders,light,13,0,55,60,,,5,,,110,,,115,shoulder/shoulder55,0
592,41,Deathmist Mantle,heavy,13,2,10,25,5,,,,,20,,,25,shoulder/shoulder56,0
593,42,Southfury Spaulders,heavy,13,2,25,35,17,17,,,,40,5,,79,shoulder/shoulder57,0
594,43,Fallen Snow Shoulderguards,heavy,13,2,35,50,21,,,,,50,10,,81,shoulder/shoulder58,0
595,44,Surwich Pauldrons,heavy,13,2,45,60,25,25,,,,60,15,,125,shoulder/shoulder59,0
596,45,Lightforge Spaulders,heavy,13,2,55,60,29,,,,,70,20,,119,shoulder/shoulder60,0
597,46,Deadwalker Mantle,light,13,2,10,25,,13,5,,,20,,5,43,shoulder/shoulder61,0
598,47,Skybreaker's Mantle,light,13,2,25,35,,,17,,,40,,10,67,shoulder/shoulder62,0
599,48,Starwings,light,13,2,35,50,,21,21,,,50,,15,107,shoulder/shoulder63,0
600,49,Snake Den Spaulders,light,13,2,45,60,,,25,,,60,,20,105,shoulder/shoulder64,0
601,50,Wyrmslayer Spaulders,light,13,2,55,60,,29,29,,,70,,25,153,shoulder/shoulder65,0
602,51,Immolation Pauldrons,heavy,13,3,30,60,27,,,,,80,,,107,shoulder/shoulder66,0
603,52,Pillars of Winter,heavy,13,3,40,60,33,33,,,,90,,,156,shoulder/shoulder67,0
604,53,Sphinx' Wings,heavy,13,3,55,60,,22,22,,,150,,,194,shoulder/shoulder68,0
605,54,Immortal's Faith,light,13,3,40,60,,27,27,,,80,,10,144,shoulder/shoulder69,0
606,55,Pillars of Summer,light,13,3,55,60,,,33,,,120,,,153,shoulder/shoulder70,0
,,,,,,,,,,,,,,,,,,
,,Boots,,,,,,,,,,,,,,,,
607,1,Battle Chain Boots,heavy,7,0,1,10,,,,,,5,,,5,boots/boots_mail10,0
608,2,Bone-Plated Boots,heavy,7,0,1,10,,,,,,7,,,7,boots/boots_mail11,0
609,3,Cavalier's Boots,heavy,7,0,4,14,,,,,,9,,,9,boots/boots_mail12,0
610,4,Infantry Boots,heavy,7,0,7,17,,,,,,15,,,15,boots/boots_mail13,0
611,5,Scalemail Boots,heavy,7,0,10,20,,,,,,20,,,20,boots/boots_mail14,0
612,6,Veteran Boots,heavy,7,0,13,23,,,,,,28,,,28,boots/boots_mail15,0
613,7,Double Mail Boots,heavy,7,0,16,26,,,,,,32,,,32,boots/boots_mail16,0
614,8,Light Plate Boots,heavy,7,0,19,29,,,,,,38,,,38,boots/boots_mail17,0
615,9,Behemoth Boots,heavy,7,0,22,32,1,,,,,44,,,45,boots/boots_mail01,0
616,10,Cabalist Boots,heavy,7,0,25,35,1,1,,,,50,,,52,boots/boots_mail02,0
617,11,Expedition Boots,heavy,7,0,28,38,1,,,,,56,,,57,boots/boots_mail03,0
618,12,Infiltrator Boots,heavy,7,0,30,40,1,1,,,,60,,,62,boots/boots_mail04,0
619,13,Ranger Boots,heavy,7,0,34,44,2,,,,,68,,,70,boots/boots_mail05,0
620,14,Skull Kickers,heavy,7,0,37,47,2,2,,,,74,,,78,boots/boots_mail06,0
621,15,Chilled Mail Boots,heavy,7,0,40,50,2,,,,,80,,,82,boots/boots_mail07,0
622,16,Marauder's Boots,heavy,7,0,43,53,3,3,,,,86,,,92,boots/boots_mail08,0
623,17,Razorshell Boots,heavy,7,0,46,56,3,,,,,92,,,95,boots/boots_mail09,0
624,18,Phalanx Boots,heavy,7,0,49,59,4,4,,,,98,,,106,boots/boots_mail20,0
625,19,Runic Plate Boots,heavy,7,0,52,60,4,,,,,104,,,108,boots/boots_mail21,0
626,20,Spiked Cobalt Boots,heavy,7,0,55,60,5,5,,,,110,,,120,boots/boots_mail22,0
627,21,Apprentice's Boots,light,7,0,1,10,,,,,,5,,,5,boots/boots10,0
628,22,Dirty Leather Boots,light,7,0,1,10,,,,,,7,,,7,boots/boots11,0
629,23,Pioneer Boots,light,7,0,4,14,,,,,,9,,,9,boots/boots12,0
630,24,Soft Wool Boots,light,7,0,7,17,,,,,,15,,,15,boots/boots13,0
631,25,Tribal Boots,light,7,0,10,20,,,,,,20,,,20,boots/boots14,0
632,26,Zombie Skin Boots,light,7,0,13,23,,,,,,28,,,28,boots/boots15,0
633,27,Shadow Council Boots,light,7,0,16,26,,,,,,32,,,32,boots/boots16,0
634,28,Shadoweave Boots,light,7,0,19,29,,,,,,38,,,38,boots/boots17,0
635,29,Voldrune Slippers,light,7,0,22,32,,1,1,,,44,,,46,boots/boots18,0
636,30,Lunar Slippers,light,7,0,25,35,,,1,,,50,,,51,boots/boots19,0
637,31,Runecloth Boots,light,7,0,28,38,,1,1,,,56,,,58,boots/boots20,0
638,32,Royal Boots,light,7,0,30,40,,,1,,,60,,,61,boots/boots21,0
639,33,Nightscape Boots,light,7,0,34,44,,2,2,,,68,,,72,boots/boots22,0
640,34,Superior Boots,light,7,0,37,47,,,2,,,74,,,76,boots/boots23,0
641,35,Engraved Boots,light,7,0,40,50,,2,2,,,80,,,84,boots/boots24,0
642,36,Lava Boots,light,7,0,43,53,,,3,,,86,,,89,boots/boots25,0
643,37,Skeleton Smashers,light,7,0,46,56,,3,3,,,92,,,98,boots/boots26,0
644,38,Tsunami Boots,light,7,0,49,59,,,4,,,98,,,102,boots/boots27,0
645,39,Valorous Greaves,light,7,0,52,60,,4,4,,,104,,,112,boots/boots28,0
646,40,Steel-Tipped Snowboots,light,7,0,55,60,,,5,,,110,,,115,boots/boots29,0
647,41,Stonepath Sabatons,heavy,7,2,10,25,5,,,,,20,,,25,boots/boots_mail23,0
648,42,Southfury Greaves,heavy,7,2,25,35,17,17,,,,40,5,,79,boots/boots_mail24,0
649,43,Stormfeather Boots,heavy,7,2,35,50,21,,,,,50,10,,81,boots/boots_mail25,0
650,44,Wyrmskull Sabatons,heavy,7,2,45,60,25,25,,,,60,15,,125,boots/boots_mail26,0
651,45,Shadowcraft Boots,heavy,7,2,55,60,29,,,,,70,20,,119,boots/boots_mail27,0
652,46,Orca Footwraps,light,7,2,10,25,,13,5,,,20,,5,43,boots/boots29,0
653,47,Abyssal Leather Treads,light,7,2,25,35,,,17,,,40,,10,67,boots/boots30,0
654,48,Templar Boots,light,7,2,35,50,,21,21,,,50,,15,107,boots/boots31,0
655,49,Camelhide Treads,light,7,2,45,60,,,25,,,60,,20,105,boots/boots32,0
656,50,Wildheart Boots,light,7,2,55,60,,29,29,,,70,,25,153,boots/boots33,0
657,51,Starfire Sandals,heavy,7,3,40,60,27,,,,,80,,,107,boots/boots_mail28,0
658,52,Titanic Treads,heavy,7,3,55,60,33,33,,,,90,,,156,boots/boots_mail29,0
659,53,Awakening Footfalls,light,7,3,30,60,,22,22,,,150,,,194,boots/boots34,0
660,54,Slippers of the Lonely Road,light,7,3,40,60,,27,27,,,80,,10,144,boots/boots35,0
661,55,Paws of Time,light,7,3,55,60,,,33,,,120,,,153,boots/boots_mail30,0
,,,,,,,,,,,,,,,,,,
,,Rings,,,,,,,,,,,,,,,,
662,1,Copper Ring,ring,6,0,2,27,5,,,,,,,,5,ring/ring10,0
663,2,Chrome Ring,ring,6,0,3,28,,5,,,,,,,5,ring/ring11,0
664,3,Ring,ring,6,0,5,30,,,5,,,,,,5,ring/ring12,0
665,4,Mood Ring,ring,6,0,6,31,10,,,,,,,,10,ring/ring13,0
666,5,Gold Band,ring,6,0,8,33,,10,,,,,,,10,ring/ring14,0
667,6,Clay Ring,ring,6,0,9,34,,,10,,,,,,10,ring/ring15,0
668,7,Sapphire Ring,ring,6,0,11,36,15,,,,,,,,15,ring/ring16,0
669,8,Amethyst Band,ring,6,0,12,37,,15,,,,,,,15,ring/ring17,0
670,9,Basalt Ring,ring,6,0,14,39,,,15,,,,,,15,ring/ring18,0
671,10,Coral Band,ring,6,0,15,40,25,,,,,,,,25,ring/ring19,0
672,11,Cobalt Ring,ring,6,0,17,42,,25,,,,,1,,26,ring/ring20,0
673,12,Dark Iron Signet,ring,6,0,18,43,,,25,,,,,1,26,ring/ring21,0
674,13,Demon Band,ring,6,0,20,45,35,,,,,,5,,40,ring/ring22,0
675,14,Desert Ring,ring,6,0,21,46,,35,,,,,,5,40,ring/ring23,0
676,15,Elemental Circle,ring,6,0,23,48,,,35,,,,10,,45,ring/ring24,0
677,16,Pearl Ring,ring,6,0,24,49,40,,,,,,,10,50,ring/ring25,0
678,17,Diamond Ring,ring,6,0,26,51,,40,,,,,15,,55,ring/ring26,0
679,18,Topaz Ring,ring,6,0,27,52,,,40,,,,,15,55,ring/ring27,0
680,19,Zircon Band,ring,6,0,29,54,40,,,,,,20,,60,ring/ring28,0
681,20,Skull Ring,ring,6,0,30,55,,45,,,,,,20,65,ring/ring29,0
682,21,Solid Bronze Ring,ring,6,0,32,57,,,45,,,,25,,70,ring/ring30,0
683,22,Sacred Band,ring,6,0,33,58,40,,,,,,,25,65,ring/ring31,0
684,23,Oval Ring,ring,6,0,35,60,,40,,1,,,30,5,76,ring/ring32,0
685,24,Opal Ring,ring,6,0,36,60,,,40,1,,,5,30,76,ring/ring33,0
686,25,Obsidian Band,ring,6,0,38,60,40,,,2,,,35,5,82,ring/ring34,0
687,26,Multicolored Band,ring,6,0,39,60,,40,,2,,,5,35,82,ring/ring35,0
688,27,Plague Band,ring,6,0,41,60,,,40,3,,,40,5,88,ring/ring36,0
689,28,Forest Hoop,ring,6,0,42,60,40,,,3,,,5,40,88,ring/ring37,0
690,29,Granite Ring,ring,6,0,44,60,,40,,4,,,45,,89,ring/ring38,0
691,30,Heart Ring,ring,6,0,45,60,,,40,4,,,,45,89,ring/ring39,0
692,31,Jasper Ring,ring,6,0,47,60,40,,,5,,,50,,95,ring/ring40,0
693,32,Arcane Loop,ring,6,0,48,60,,40,,5,,,,50,95,ring/ring41,0
694,33,Black Pearl Ring,ring,6,0,50,60,,,40,6,,,55,,101,ring/ring42,0
695,34,Brilliant Pearl Band,ring,6,0,51,60,40,,,6,,,,55,101,ring/ring43,0
696,35,Truesilver Ring,ring,6,0,53,60,,40,,7,,,60,,107,ring/ring44,0
697,36,Runed Ring,ring,6,0,54,60,,,40,7,,,,60,107,ring/ring45,0
698,37,Quartz Band,ring,6,0,56,60,45,,,8,,,65,,118,ring/ring46,0
699,38,Mirage Ring,ring,6,0,57,60,,45,,8,,,,65,118,ring/ring47,0
700,39,Bloodshed Band,ring,6,0,58,60,,,45,9,,,70,,124,ring/ring54,0
701,40,Emerald Ring,ring,6,0,60,60,,,45,9,,,,70,124,ring/ring55,0
702,41,Ashen Band,ring,6,2,5,10,10,10,,6,,,100,20,38,ring/ring56,0
703,42,Manastorm Band,ring,6,2,10,15,,10,10,7,,,40,100,41,ring/ring57,0
704,43,Voodoo Signet,ring,6,2,15,20,15,15,,7,,,140,60,57,ring/ring58,0
705,44,Snake Hoop,ring,6,2,25,30,,15,15,8,,,80,140,60,ring/ring59,0
706,45,Time-Bending Gem,ring,6,2,30,35,20,20,,10,,,180,80,76,ring/ring60,0
707,46,Lost Ring,ring,6,2,35,40,,20,20,12,,,100,180,80,ring/ring61,0
708,47,Holy Healing Band,ring,6,2,40,45,25,25,,14,,,220,100,96,ring/ring62,0
709,48,Hidden Treasure,ring,6,2,45,50,,25,25,16,,,120,220,100,ring/ring63,0
710,49,Darkmoon Ring,ring,6,2,50,55,30,30,,18,,,260,120,116,ring/ring64,0
711,50,Wisp Projector,ring,6,2,55,60,,30,30,20,,,140,260,120,ring/ring65,0
712,51,Death's Kiss,ring,6,3,15,25,18,16,,10,,,160,100,70,ring/ring66,0
713,52,Deadman's Gift,ring,6,3,25,40,,18,20,10,,,80,180,74,ring/ring67,0
714,53,Circle of Life,ring,6,3,35,50,25,22,,15,,,190,120,93,ring/ring68,0
715,54,Stardust Band,ring,6,3,45,60,,25,30,20,,,150,300,120,ring/ring69,0
716,55,Brainlash,ring,6,3,50,60,35,32,,25,,,290,160,137,ring/ring70,0
,,,,,,,,,,,,,,,,,,
,,Summer Fest,,,,,,,,,,,,,,,,
1001,1,Summer sword,sword,1,3,1,60,10,10,10,10,10,10,10,10,0,sword/sword1001,601
1002,2,Summer Bow,bow,1,3,1,60,10,10,10,10,10,10,10,10,0,,601
1003,3,Twilight Ring,ring,6,3,1,60,10,10,10,10,10,10,10,10,0,,602
,,,,,,,,,,,,,,,,,,
,,,,,,,,,,,,,,,,,,
,,,,,,,,,,,,,,,,,,
,,,,,,,,,,,,,,,,,,
,,,,,,,,,,,,,,,,,,
,,,,,,,,,,,,,,,,,,
,,,,,,,,,,,,,,,,,,
,,,,,,,,,,,,,,,,,,
,,,,,,,,,,,,,,,,,,
,,,,,,,,,,,,,,,,,,
,,,,,,,,,,,,,,,,,,
,,,,,,,,,,,,,,,,,,
,,,,,,,,,,,,,,,,,,
,,,,,,,,,,,,,,,,,,
,,,,,,,,,,,,,,,,,,